hotelId,hotelName,hotelUrl,reviewId,source,title,text,positives,negatives,score,ratingText,reviewDate,reviewerName,reviewerCountry,travelerType,roomType,checkInDate,checkOutDate,lengthOfStay,reviewPhotos,ownerResponse_text,ownerResponse_date
11019,Park Avenue Bayswater Inn Hyde Park,https://www.agoda.com/bayswater-inn-hotel/hotel/london-gb.html,1149287470,Agoda,Above average,All in all good hotel can’t complain but wasn’t the best,,,6,Good,2026-07-20,Tiffany,Australia,Couple,Double Room,2026-07-03,2026-07-07,4,,,
11019,Park Avenue Bayswater Inn Hyde Park,https://www.agoda.com/bayswater-inn-hotel/hotel/london-gb.html,1148894055,Agoda,"Location is good, room is not very clean","Wish they put more effort into cleaning their rooms. The bed had little hairs all over it and the bathroom was rusty in several areas.
The hair dryer in our room did not work.",,,6.4,Good,2026-07-19,Aurora,United Kingdom,Couple,HYDE PARK CLUB ROOM,2026-07-07,2026-07-08,1,,,
11019,Park Avenue Bayswater Inn Hyde Park,https://www.agoda.com/bayswater-inn-hotel/hotel/london-gb.html,1147927284,Agoda,Exceptional,Happy staying,,,10,Exceptional,2026-07-18,Rebecca,"Hong Kong SAR, China",Family with teens,Double Room,2026-06-15,2026-06-22,7,,,
11019,Park Avenue Bayswater Inn Hyde Park,https://www.agoda.com/bayswater-inn-hotel/hotel/london-gb.html,1144970656,Agoda,Solo,"It’s an old building but its fairly neat and clean. The Staff are just the best. They have a safe luggage storage if you’ll arrive early. Breakfast is good. The ac was just not working in my room, but I was too tired to inform them 😅 I slept like a log nonetheless.",,,8,Excellent,2026-07-10,Desiree,Ireland,Solo traveler,HYDE PARK CLUB ROOM,2026-07-07,2026-07-08,1,,,
11019,Park Avenue Bayswater Inn Hyde Park,https://www.agoda.com/bayswater-inn-hotel/hotel/london-gb.html,1144971714,Agoda,Returning guests - room underground,"As a returning guest for the 4th time, I had requested a nice room for myself and my daughter, we were on the bottom floor (underground) with a view of the Hotel laundry.
The bathroom was very dirty, the shower taps and floor were in an appalling condition.   Booked weeks in advance and paid £*** for 2 nights - very let down and will not be back",,,5.2,Review score,2026-07-10,Claire,United Kingdom,Couple,Twin Room,2026-07-06,2026-07-08,2,,,
11019,Park Avenue Bayswater Inn Hyde Park,https://www.agoda.com/bayswater-inn-hotel/hotel/london-gb.html,1144039428,Agoda,Seriously needs updating,"The location is great and we didn’t spend too much time in the room, thankfully… I’m guessing it hasn’t been updated since 2010, the tiny TV in the corner was laughable and it felt like going back in time. Every time you went into bed you could hear the springs jingling around in the mattress.
The bathroom floor was so shiny and slippery I’m honestly shocked no one has had a serious accident. The shower and sink had loads of limescale which is not something you want to see when trying to relax on holiday. So glad I didn’t pay full price for the room!",,,6,Good,2026-07-09,Eliza,United Kingdom,Couple,Double Room,2026-07-07,2026-07-10,3,,,
11019,Park Avenue Bayswater Inn Hyde Park,https://www.agoda.com/bayswater-inn-hotel/hotel/london-gb.html,1143945955,Agoda,Shocking,"Here are the pros and cons of this place:

Con:
1. Very small room. Struggled to open our suitcases
2. Was absolutely shocked to find blood stains on the throw (see image). We complained on the first night and were told that they would deal with it. 2 days later, they gave us the exact same blood stain throw!! I question whether or not the sheets are actually replaced during housekeeping.

Pro:
Great location! Close to the tube stations and restaurants.
Staff were nice.",,,6.8,Good,2026-07-08,pete,South Korea,Couple,Double Room,2026-07-02,2026-07-07,5,https://pix6.agoda.net/generic/a06ade15a4cf7041cb4b60755b787481.jpeg?ce=3,,
11019,Park Avenue Bayswater Inn Hyde Park,https://www.agoda.com/bayswater-inn-hotel/hotel/london-gb.html,1067422810,Agoda,Booked wrong dated,"I accidentally book in advance instead of the date I badly wanted cause it was an emergency then we went at midnight in the reception and found out it was wrong date, the staff in the reception were terrible and rude, they KICKED  us out after few minutes hence we are all FEMALE with our luggages and we were waiting outside the door to book another hotel while it was freezing outside. They didnt care about our safety and they dont have any consideration to atleast to give us a time till we leave. They're HEARTLESS I may say. We felt HUMILIATED!!

1 more thing, I tried to contact this AGODA CUSTOMER SERVICE it was stated it was cancelled and waiting to refund but then in my surprise it wasnt cancelled and need to contact different company site?? I ddnt booked this hotel in different APPwhy will i write te here in agoda if i booked in different site?!!!

WORST EXPERIENCE EVER!!

I hope i will get my REFUND!!!!",,,2,Review score,2026-01-15,Joana,Qatar,Group,4-Bed Room,2026-01-14,2026-01-16,2,,,
11019,Park Avenue Bayswater Inn Hyde Park,https://www.agoda.com/bayswater-inn-hotel/hotel/london-gb.html,1064322983,Agoda,Bad facility &down grade our room,"I & kids have a long flight & tired. When i arrive  at the hotel to check in, the ladies & man frond desk so rude not smile & look at us up & down. I booked trible room. But i get a room with extra bad & no heater or hotel facility like soap in the toilet. Not like the photo when i booked. I & my kids have to sleep in the room with cold temperate with only  portable heater has been given. We have to use glove to sleep bcos is too cold. The price we paid for the room on 31/1/1026 only for 1 night is not cheap expenses but we didnt get that service as promise. This is not acceptable.",,,7.6,Very good,2026-01-05,edlin,Malaysia,Family with young children,Triple Room,2025-12-30,2025-12-31,1,,,
11019,Park Avenue Bayswater Inn Hyde Park,https://www.agoda.com/bayswater-inn-hotel/hotel/london-gb.html,1060051851,Agoda,Location,"Great overniter! Room rather small but had everything required fir a quiet 😴 
Well connected  for travelling  around London...",,,8.8,Excellent,2025-12-19,Barbara,United Kingdom,Couple,Double Room,2025-12-15,2025-12-16,1,,,
11019,Park Avenue Bayswater Inn Hyde Park,https://www.agoda.com/bayswater-inn-hotel/hotel/london-gb.html,1060040271,Agoda,Exceptional,"We had 2 single rooms for an overnight stay to go to a Show at the Bloomsbury Theatre. This hotel is very conveniently located close to Paddington Station and the Tube. The staff are very welcoming, friendly and professional and we were called in our rooms after arrival to check all was well. The lower ground single rooms are very small, but the cleanliness was 5 star and they were more than adequate for an overnight stay. The breakfast next morning was very good. For a longer stay, I would prefer a larger room, perhaps on a higher level in the hotel  but overall we were very satisfied with our stay and would recommend the Park Avenue Bayswater Inn to other travellers.",,,9.2,Exceptional,2025-12-18,Derek,United Kingdom,Group,Single Room,2025-12-13,2025-12-14,1,,,
11019,Park Avenue Bayswater Inn Hyde Park,https://www.agoda.com/bayswater-inn-hotel/hotel/london-gb.html,1058358740,Agoda,لن اكرر التجربة,الغرف صغيرة وضيقة والاثاث قديم واللوبي مفتوح على المطعم والسعر جدا مبالغ فيه وممكن تصنيفه نجمتين... الموظفين متعاونين,,,5.2,Review score,2025-12-09,Khalid,Bahrain,Solo traveler,"Deluxe Double Room, 1 Double Bed",2025-10-11,2025-10-12,1,,,
11019,Park Avenue Bayswater Inn Hyde Park,https://www.agoda.com/bayswater-inn-hotel/hotel/london-gb.html,1056797643,Agoda,Christmas trip,"1. No Booking Found on Arrival

When we arrived, the hotel had no record of our reservation, despite having received a confirmation from Agoda. This was completely unacceptable and caused significant distress and embarrassment at check-in.

2. Payment Not Received / Left to Resolve the Issue Myself

We were told that payment had not been received, and I was effectively left to resolve the matter myself between Agoda and the hotel. This should never happen to a guest—especially not one who has paid in full in advance.

3. Room Facility Issues

Even after check-in was eventually sorted, the issues continued:
	•	Our room keys failed repeatedly, requiring multiple trips back to reception.
	•	At breakfast, there was no milk, no cutlery, and generally very poor service.

4. Very Early Morning Calls

To add to the frustration, we received two calls at 7:50am on our last morning, waking us up and disrupting the only morning we had to relax.",,,4,Review score,2025-11-30,niamh,Ireland,Group,Double Room,2025-11-28,2025-11-30,2,,,
11019,Park Avenue Bayswater Inn Hyde Park,https://www.agoda.com/bayswater-inn-hotel/hotel/london-gb.html,1052218290,Agoda,Good,The rooms could do with new refurbishment,,,6.8,Good,2025-11-17,jennifer,Malaysia,Solo traveler,Double Room,2025-11-11,2025-11-13,2,,,
11019,Park Avenue Bayswater Inn Hyde Park,https://www.agoda.com/bayswater-inn-hotel/hotel/london-gb.html,1051804326,Agoda,Had a nice stay,Good sleep nice hotel,,,9.2,Exceptional,2025-11-16,Mandy,United Kingdom,Family with young children,Twin Room,2025-11-15,2025-11-16,1,,,
11019,Park Avenue Bayswater Inn Hyde Park,https://www.agoda.com/bayswater-inn-hotel/hotel/london-gb.html,1050078060,Agoda,Good location,"The hotel was in a nice area, the mattress was not comfy at all! The brqkfast was just okay! 

Good if you get a good deal per night! Not worth if paying a lot",,,7.6,Very good,2025-11-11,OMAR,United Kingdom,Solo traveler,Double Room,2025-11-09,2025-11-10,1,,,
11019,Park Avenue Bayswater Inn Hyde Park,https://www.agoda.com/bayswater-inn-hotel/hotel/london-gb.html,1048797974,Agoda,My personal experience,"I have stayed at this hotel twice the location and price are excellent. The staff were very helpful, thank you.",,,8,Excellent,2025-11-06,Mohammed,United Kingdom,Group,Twin Room,2025-10-30,2025-11-02,3,,,
11019,Park Avenue Bayswater Inn Hyde Park,https://www.agoda.com/bayswater-inn-hotel/hotel/london-gb.html,1047477775,Agoda,Not sure if it is normal standard,"It was mistake I booked this motel s  4 stars on Agoda..!!!
The moment we entered the restaurant (only used for morning breakfast) was at right, and could smell stinky rotten eggs at the night 9.00 pm. Possibly not cleaned and no room freshener at anywhere in the hotel. 
Room no 115 was assigned to me, in the night realized my wash basin is blocked, not cleaned l. Next day morning when took shower.. found the bath tub is also blocked.. finished my shower with pool of water.
The carpet don’t think cleaned since many months.  
And the final experience before leaving the hotel, waiting for taxi in the morning 5.30 am and could hear a lady very loud moaning in the lobby from the ground floor room. Could not believe, how is the hotel is being maintained such way. Possibly, it could be normal in this part of the world.",,,3.6,Review score,2025-11-02,Chandrakant,United Arab Emirates,Business traveler,Single Room,2025-10-31,2025-11-02,2,,,
11019,Park Avenue Bayswater Inn Hyde Park,https://www.agoda.com/bayswater-inn-hotel/hotel/london-gb.html,1046994431,Agoda,A pleasant stay,"great location, easy check in and access to local amenities- easy walk to good public transport. Would stay again.",,,8,Excellent,2025-11-01,Adam,United Kingdom,Group,Twin Room,2025-10-31,2025-11-01,1,,,
11019,Park Avenue Bayswater Inn Hyde Park,https://www.agoda.com/bayswater-inn-hotel/hotel/london-gb.html,1045442195,Agoda,Pleasant stay,"The stay was very pleasant, with clean rooms and an excellent location close to both shopping areas and the train station as well bus stops.",,,9.6,Exceptional,2025-10-28,SOFIA,Malaysia,Group,4-Bed Room,2025-10-20,2025-10-24,4,,,
11019,Park Avenue Bayswater Inn Hyde Park,https://www.agoda.com/bayswater-inn-hotel/hotel/london-gb.html,1041738732,Agoda,Excellent location near Hyde Park and great value,"I enjoyed my stay at Park Avenue Bayswater Inn Hyde Park. The hotel is very well located — just a short walk from Hyde Park, Notting Hill, and several excellent restaurants and cafés. It’s easy to get around with both Bayswater and Queensway stations nearby. The area feels safe and vibrant, ideal for exploring London on foot. My room was clean and comfortable, and the staff were friendly and helpful.",,,10,Exceptional,2025-10-20,Robert,United Kingdom,Solo traveler,Double Room,2025-10-19,2025-10-20,1,,,
11019,Park Avenue Bayswater Inn Hyde Park,https://www.agoda.com/bayswater-inn-hotel/hotel/london-gb.html,1038299966,Agoda,Very good staff very helpful they do the best to satisfy the visitors,"I would thanks the staff , really really that are very good and helpful and they are professional so friendly and quick and true h thier best to satisfy the visitors as much as they can , specially Ms . Kinza and iam not sure from the name of one of men staff he helped me a lot with Uber and luggage",,,8.8,Excellent,2025-10-19,NISREEN,United Arab Emirates,Solo traveler,Twin Room,2025-10-13,2025-10-15,2,,,
11019,Park Avenue Bayswater Inn Hyde Park,https://www.agoda.com/bayswater-inn-hotel/hotel/london-gb.html,1041381023,Agoda,Exceptional,Great place and nice staffs,,,9.2,Exceptional,2025-10-19,Suyash,Mauritius,Couple,Twin Room,2025-10-18,2025-10-23,5,,,
11019,Park Avenue Bayswater Inn Hyde Park,https://www.agoda.com/bayswater-inn-hotel/hotel/london-gb.html,1031356359,Agoda,Good service,"Property was well located, making it easy to explord nearby shopping and attractions. The staffs were very friendly from receptionist to kitchen staffs. Thank you for making our stay comfortable",,,10,Exceptional,2025-09-25,Selma,Namibia,Group,Twin Room,2025-09-22,2025-09-25,3,,,
11019,Park Avenue Bayswater Inn Hyde Park,https://www.agoda.com/bayswater-inn-hotel/hotel/london-gb.html,1024859440,Agoda,Could have been better.,"It smelled like smelly socks upon entering and through the corridors. The beds were so uncomfortable. I felt itchy the whole night. No fridges in the room. TV remote was not working properly.  No toothpaste or 
shampoo.  Bathroom was nice. Towels provided.The one perk - someone left their Netflix account logged in managed to watch a movie. Thanks Pracilla :)",,,6.8,Good,2025-09-17,Farhana,United Kingdom,Couple,Twin Room,2025-09-16,2025-09-17,1,,,
